-7,0,VCwu75oBsRY0x54iJkNF6QU+SkA=,yPHFy3xwkmHOXLAKQVhmuc3pL+g=
-6,0,VCwu75oBsRY0x54iJkNF6QU+SkA=,z6OFtPbrSE0+MUMCBBkR5UNf+wE=
-5,0,VCwu75oBsRY0x54iJkNF6QU+SkA=,pHCX2dOtwD8M+Fcj5Z3WwOdge/4=
-4,0,VCwu75oBsRY0x54iJkNF6QU+SkA=,pHCX2dOtwD8M+Fcj5Z3WwOdge/4=
-3,0,VCwu75oBsRY0x54iJkNF6QU+SkA=,pHCX2dOtwD8M+Fcj5Z3WwOdge/4=
-2,0,VCwu75oBsRY0x54iJkNF6QU+SkA=,4zGHXA/I9Q1WZRt5AFGW4cmcU0o=
-1,0,VCwu75oBsRY0x54iJkNF6QU+SkA=,PMl/bXbt5bskQnmzPXoArk7ROTw=
-7,1,VCwu75oBsRY0x54iJkNF6QU+SkA=,2VlPVaZM+CWE71bkf4tR9wBxXEg=
-6,1,VCwu75oBsRY0x54iJkNF6QU+SkA=,0x5TWohBzM9VX6t+aRAB0jMmSpo=
-5,1,VCwu75oBsRY0x54iJkNF6QU+SkA=,gDASJ5+4MpCJPRk+flSpP5Vrrlo=
-4,1,VCwu75oBsRY0x54iJkNF6QU+SkA=,iUE7B1riHGU7E4o3EQqP8Xjmke8=
-3,1,VCwu75oBsRY0x54iJkNF6QU+SkA=,iUE7B1riHGU7E4o3EQqP8Xjmke8=
-2,1,VCwu75oBsRY0x54iJkNF6QU+SkA=,+LJumIV4HsTNtutD42PpE+Cm6+M=
-1,1,VCwu75oBsRY0x54iJkNF6QU+SkA=,QpDgbqBAi0oh+p3N7GtYfuQdUBU=
-7,2,VCwu75oBsRY0x54iJkNF6QU+SkA=,2VlPVaZM+CWE71bkf4tR9wBxXEg=
-6,2,VCwu75oBsRY0x54iJkNF6QU+SkA=,cfcq63SPyym7DEv7EnaNqWGagFE=
-5,2,VCwu75oBsRY0x54iJkNF6QU+SkA=,PCB9hQhoeTUph39nPfZNOCbbsCk=
-4,2,VCwu75oBsRY0x54iJkNF6QU+SkA=,Dzkn3LW5czqg36votHBSow+TWWc=
-3,2,VCwu75oBsRY0x54iJkNF6QU+SkA=,wjvRNzMhe6q4BgDW7XxBkp1Jdjs=
-2,2,VCwu75oBsRY0x54iJkNF6QU+SkA=,Z/xePCVjriyTVyPO4Uy1sQqqnq8=
-1,2,VCwu75oBsRY0x54iJkNF6QU+SkA=,szqDg6UPrAZ3XIdpJrUYiIywCNQ=
-7,3,VCwu75oBsRY0x54iJkNF6QU+SkA=,kz+gqlcBaDZzDSIrm1fRZP2uYFY=
-6,3,VCwu75oBsRY0x54iJkNF6QU+SkA=,B9esHAAlLFk8sNUucXoJwt1SZMk=
-5,3,VCwu75oBsRY0x54iJkNF6QU+SkA=,pHCX2dOtwD8M+Fcj5Z3WwOdge/4=
-4,3,VCwu75oBsRY0x54iJkNF6QU+SkA=,bzaXsRu+c0LsrFhNxXR088rUrIQ=
-3,3,VCwu75oBsRY0x54iJkNF6QU+SkA=,Zenlq0hrLmqY22Oqov24UD5YDTs=
-2,3,VCwu75oBsRY0x54iJkNF6QU+SkA=,aRhz7Ww5bUEclEgpP2QK9qfPoTU=
-1,3,VCwu75oBsRY0x54iJkNF6QU+SkA=,pHCX2dOtwD8M+Fcj5Z3WwOdge/4=
