-7,-4,Xw7SaTlCav1ErPqDK2RoWzytHO4=,cwvdIjiGJbEh/7jTeOCEwCU28tQ=
-6,-4,Xw7SaTlCav1ErPqDK2RoWzytHO4=,+pIEHJFAp2HUsQ8Wsx+ZjD/B2qk=
-5,-4,Xw7SaTlCav1ErPqDK2RoWzytHO4=,XGMqbV72bGk9LHDaFEZOCdjHcrQ=
-4,-4,Xw7SaTlCav1ErPqDK2RoWzytHO4=,v3tZcZrG9EOGjpIEbidLHhHStN8=
-3,-4,Xw7SaTlCav1ErPqDK2RoWzytHO4=,9T0VQc8NOUIlqC0IF/RrCgDzbHk=
-2,-4,Xw7SaTlCav1ErPqDK2RoWzytHO4=,9T0VQc8NOUIlqC0IF/RrCgDzbHk=
-1,-4,Xw7SaTlCav1ErPqDK2RoWzytHO4=,9T0VQc8NOUIlqC0IF/RrCgDzbHk=
-7,-3,Xw7SaTlCav1ErPqDK2RoWzytHO4=,LkNM7zmr43SPwv4MQZpbTEIhG1M=
-6,-3,Xw7SaTlCav1ErPqDK2RoWzytHO4=,i2ZXSpoQGCDkXdZDea8TCVtP5n8=
-5,-3,Xw7SaTlCav1ErPqDK2RoWzytHO4=,GMVUpK62HKXZg3daH1e19yRvduQ=
-4,-3,Xw7SaTlCav1ErPqDK2RoWzytHO4=,tLb9SrqXqiF06pnlH8xWFajGadY=
-3,-3,Xw7SaTlCav1ErPqDK2RoWzytHO4=,d0tRAeSwM8WEUPJIymjdMMgW9io=
-2,-3,Xw7SaTlCav1ErPqDK2RoWzytHO4=,Co/eNkgHkDruC9JIsYTdEXtXvEA=
-1,-3,Xw7SaTlCav1ErPqDK2RoWzytHO4=,jd+pAx3jXfAoPIEUsW2X9yDpnI4=
-7,-2,Xw7SaTlCav1ErPqDK2RoWzytHO4=,yZz4h5dF3nhFnisfTpFoElxz8sY=
-6,-2,Xw7SaTlCav1ErPqDK2RoWzytHO4=,Tr1KAWKtLsKQ9U6apQg/PUo2iVA=
-5,-2,Xw7SaTlCav1ErPqDK2RoWzytHO4=,zq8NDKZ+1Qm1mGtcyM2xYw3dkI4=
-4,-2,Xw7SaTlCav1ErPqDK2RoWzytHO4=,unalxNs1I5nkaGNjMMi9GrW+Yng=
-3,-2,Xw7SaTlCav1ErPqDK2RoWzytHO4=,oa4tSXn4WrTnJQCZARaUSKp9zWc=
-2,-2,Xw7SaTlCav1ErPqDK2RoWzytHO4=,rU8UwluUWvGauCdxOop6G29DsPk=
-1,-2,Xw7SaTlCav1ErPqDK2RoWzytHO4=,U+Kw0g5AB2maR/ZCKHGx2Isf1vA=
-7,-1,Xw7SaTlCav1ErPqDK2RoWzytHO4=,NrDzL7HTkeZ/zOtDvMRKUfc8MfE=
-6,-1,Xw7SaTlCav1ErPqDK2RoWzytHO4=,3ih1CIqj1upgN1B6hB++w2o+7YM=
-5,-1,Xw7SaTlCav1ErPqDK2RoWzytHO4=,9T0VQc8NOUIlqC0IF/RrCgDzbHk=
-4,-1,Xw7SaTlCav1ErPqDK2RoWzytHO4=,9T0VQc8NOUIlqC0IF/RrCgDzbHk=
-3,-1,Xw7SaTlCav1ErPqDK2RoWzytHO4=,9T0VQc8NOUIlqC0IF/RrCgDzbHk=
-2,-1,Xw7SaTlCav1ErPqDK2RoWzytHO4=,9T0VQc8NOUIlqC0IF/RrCgDzbHk=
-1,-1,Xw7SaTlCav1ErPqDK2RoWzytHO4=,9T0VQc8NOUIlqC0IF/RrCgDzbHk=
