0,0,VCwu75oBsRY0x54iJkNF6QU+SkA=,xSLWTh1ObQAdelM0TEqYGxALrZo=
1,0,VCwu75oBsRY0x54iJkNF6QU+SkA=,qa26We6uR6gK9s1mD1fG/GzxxKA=
2,0,VCwu75oBsRY0x54iJkNF6QU+SkA=,hj3cLMGNAjBmjdq7ktswENkYY1E=
3,0,VCwu75oBsRY0x54iJkNF6QU+SkA=,7WU9u+IefRQBpDliF4RzcsrF05o=
4,0,VCwu75oBsRY0x54iJkNF6QU+SkA=,3DfbAZh4Y316ZPEpMAHXcbyM+zw=
5,0,VCwu75oBsRY0x54iJkNF6QU+SkA=,HEGI7vvzsFqp4sA+eLX0zHgJM8M=
6,0,VCwu75oBsRY0x54iJkNF6QU+SkA=,HEGI7vvzsFqp4sA+eLX0zHgJM8M=
0,1,VCwu75oBsRY0x54iJkNF6QU+SkA=,E1BFuChbakmgFUF8CMKGxPet0Zg=
1,1,VCwu75oBsRY0x54iJkNF6QU+SkA=,aefOLHA/T7VKSJ75jllWsLZJumM=
2,1,VCwu75oBsRY0x54iJkNF6QU+SkA=,F2iSPddPhOzmliL6dKlDXMmbfW0=
3,1,VCwu75oBsRY0x54iJkNF6QU+SkA=,Zcpv1FrXBZq5GlBMPNgWLZDa4X4=
4,1,VCwu75oBsRY0x54iJkNF6QU+SkA=,mj7Vc+04eT1O3azTGNz84cXTas8=
5,1,VCwu75oBsRY0x54iJkNF6QU+SkA=,HEGI7vvzsFqp4sA+eLX0zHgJM8M=
6,1,VCwu75oBsRY0x54iJkNF6QU+SkA=,HEGI7vvzsFqp4sA+eLX0zHgJM8M=
0,2,VCwu75oBsRY0x54iJkNF6QU+SkA=,DIdXDqhqBWgONfz71UBtIK1FQh0=
1,2,VCwu75oBsRY0x54iJkNF6QU+SkA=,5UyT3uLMMxvlu2TpQozfnRfVLGA=
2,2,VCwu75oBsRY0x54iJkNF6QU+SkA=,yLgId8hyoMJaaIzKvhowMyeKfwc=
3,2,VCwu75oBsRY0x54iJkNF6QU+SkA=,iBkcCDyr8SV6cfPH5AvVXITsCq0=
4,2,VCwu75oBsRY0x54iJkNF6QU+SkA=,mj7Vc+04eT1O3azTGNz84cXTas8=
5,2,VCwu75oBsRY0x54iJkNF6QU+SkA=,HEGI7vvzsFqp4sA+eLX0zHgJM8M=
6,2,VCwu75oBsRY0x54iJkNF6QU+SkA=,HEGI7vvzsFqp4sA+eLX0zHgJM8M=
0,3,VCwu75oBsRY0x54iJkNF6QU+SkA=,HXnZ+gI9f6DrnEBT2SlzPFpMByk=
1,3,VCwu75oBsRY0x54iJkNF6QU+SkA=,TNsIOkfbufqhaEJC3L2aLyyTxMs=
2,3,VCwu75oBsRY0x54iJkNF6QU+SkA=,6QJ0Q9XWgNp0Zx6xpl6szH8lpNI=
3,3,VCwu75oBsRY0x54iJkNF6QU+SkA=,cuIQm1jLw3ruqwbnukRaIDvGauo=
4,3,VCwu75oBsRY0x54iJkNF6QU+SkA=,S0AIoNDj01RmIQ6EZW6oHzc4EuM=
5,3,VCwu75oBsRY0x54iJkNF6QU+SkA=,HEGI7vvzsFqp4sA+eLX0zHgJM8M=
6,3,VCwu75oBsRY0x54iJkNF6QU+SkA=,HEGI7vvzsFqp4sA+eLX0zHgJM8M=
