0,-4,Xw7SaTlCav1ErPqDK2RoWzytHO4=,PgF/4vqC6lIt+KYOp6aYIvSupz4=
1,-4,Xw7SaTlCav1ErPqDK2RoWzytHO4=,37WhUaF74ZsVxY3GnrmSAehhj1A=
2,-4,Xw7SaTlCav1ErPqDK2RoWzytHO4=,4bKTEGuv6IWPRKL25X4ZD158RS4=
3,-4,Xw7SaTlCav1ErPqDK2RoWzytHO4=,qzVe9ijJ2XCa5++DsM8sXNos8xA=
4,-4,Xw7SaTlCav1ErPqDK2RoWzytHO4=,9LaOec7XWmCG2gq9H/S+nNCS9RA=
5,-4,Xw7SaTlCav1ErPqDK2RoWzytHO4=,+kbXY+PrUVbcL9Rm88rbsQSD9wg=
6,-4,Xw7SaTlCav1ErPqDK2RoWzytHO4=,3Xsy4ICIl8zJz5lXhDVMr4dnWKY=
0,-3,Xw7SaTlCav1ErPqDK2RoWzytHO4=,LvqfU1dim/SZyex32PQQRtfI7wE=
1,-3,Xw7SaTlCav1ErPqDK2RoWzytHO4=,333iR+CgOY7+W+nLQheSFarUTz8=
2,-3,Xw7SaTlCav1ErPqDK2RoWzytHO4=,su+qwhkSGWpP86KY2tnflQ9bOvI=
3,-3,Xw7SaTlCav1ErPqDK2RoWzytHO4=,ZlRew9HCLeS5RqRZtQWSZTM//S8=
4,-3,Xw7SaTlCav1ErPqDK2RoWzytHO4=,xyDMaGujUvVh3P7neeaWW9H8vFQ=
5,-3,Xw7SaTlCav1ErPqDK2RoWzytHO4=,uGHeQiVgU/XhKrmmEKVzsTCtrwA=
6,-3,Xw7SaTlCav1ErPqDK2RoWzytHO4=,zBgn4W91FVD0HxEX0nXQrFiuim8=
0,-2,Xw7SaTlCav1ErPqDK2RoWzytHO4=,3eMbebMgXeSl26e6a+HYBg0Kieg=
1,-2,Xw7SaTlCav1ErPqDK2RoWzytHO4=,GbFtnrffnhVD69y/xAy22Aqk4sY=
2,-2,Xw7SaTlCav1ErPqDK2RoWzytHO4=,fQ5wfXpMQUkvv5OwC3uz3LclhDc=
3,-2,Xw7SaTlCav1ErPqDK2RoWzytHO4=,6RcJkh9w21UoQjpFhrFlmCjN7jw=
4,-2,Xw7SaTlCav1ErPqDK2RoWzytHO4=,37WhUaF74ZsVxY3GnrmSAehhj1A=
5,-2,Xw7SaTlCav1ErPqDK2RoWzytHO4=,gT0W6rzZdnBl0IlrappBWUAR1fc=
6,-2,Xw7SaTlCav1ErPqDK2RoWzytHO4=,zBgn4W91FVD0HxEX0nXQrFiuim8=
0,-1,Xw7SaTlCav1ErPqDK2RoWzytHO4=,Abzmlc/Ff54voAqtaUYr9GGE06o=
1,-1,Xw7SaTlCav1ErPqDK2RoWzytHO4=,lyCHlYFJJTFmCEqxvzW9XUJEq6g=
2,-1,Xw7SaTlCav1ErPqDK2RoWzytHO4=,qAwAq8GNj4Lc6W+9eGH0aZTcsGQ=
3,-1,Xw7SaTlCav1ErPqDK2RoWzytHO4=,37WhUaF74ZsVxY3GnrmSAehhj1A=
4,-1,Xw7SaTlCav1ErPqDK2RoWzytHO4=,37WhUaF74ZsVxY3GnrmSAehhj1A=
5,-1,Xw7SaTlCav1ErPqDK2RoWzytHO4=,m5QBu7BET/gAO/SmdGhIADxIDTo=
6,-1,VCwu75oBsRY0x54iJkNF6QU+SkA=,Etf627APNqZGvefH7VsGaAS3Ujc=
