-2,1,AvvCE9Of61ErjOE5V/RO086dy6o=,sAzSKCxg4zvPi3564kaZvPiPhH4=
-3,2,AvvCE9Of61ErjOE5V/RO086dy6o=,mQlu+a/i/fJv8Gn4RuV1FpJ210Y=
-2,2,AvvCE9Of61ErjOE5V/RO086dy6o=,jBSlgX/7kKy7DWHju9r7LrdaDKg=
-3,1,AvvCE9Of61ErjOE5V/RO086dy6o=,Z+lUh6ODpxiA6Nm4Vg/JDtOEHoQ=
-2,3,AvvCE9Of61ErjOE5V/RO086dy6o=,jBSlgX/7kKy7DWHju9r7LrdaDKg=
-3,3,AvvCE9Of61ErjOE5V/RO086dy6o=,mQlu+a/i/fJv8Gn4RuV1FpJ210Y=
-3,4,AvvCE9Of61ErjOE5V/RO086dy6o=,6I4maUcbKpkr/46a2S8iCQbqCBM=
-2,4,AvvCE9Of61ErjOE5V/RO086dy6o=,4f/+1/f+MlhiPG8IeBypUxv2iiI=
-4,6,9oXgJl//dsZJhNy+doGKB+2HhOY=,h1QzoOV9or32b9erZnJsHMYjFpU=
-5,6,9oXgJl//dsZJhNy+doGKB+2HhOY=,5fHhdiVD25ACt4EetBqg0hNFRC8=
-5,5,9oXgJl//dsZJhNy+doGKB+2HhOY=,FTz75Bsxg8lmm17kXz2tOMxJglc=
-4,5,9oXgJl//dsZJhNy+doGKB+2HhOY=,6I4maUcbKpkr/46a2S8iCQbqCBM=
-6,6,9oXgJl//dsZJhNy+doGKB+2HhOY=,5fHhdiVD25ACt4EetBqg0hNFRC8=
-7,6,9oXgJl//dsZJhNy+doGKB+2HhOY=,zhKlBtF6zuyqtIUN+NVlvndLvzE=
-6,5,9oXgJl//dsZJhNy+doGKB+2HhOY=,FTz75Bsxg8lmm17kXz2tOMxJglc=
-7,5,9oXgJl//dsZJhNy+doGKB+2HhOY=,YdeHmru+/FNFIO3foQGUnt/y3TE=
-8,3,knAAxBDYLKOFnJzlal6xE01dSsI=,BeKlT8MMC8iu3raHjRJipZ8lono=
-9,3,knAAxBDYLKOFnJzlal6xE01dSsI=,gtHd3SahwsvTWtIDNMtjbex2LoE=
-8,4,knAAxBDYLKOFnJzlal6xE01dSsI=,YdeHmru+/FNFIO3foQGUnt/y3TE=
-9,4,knAAxBDYLKOFnJzlal6xE01dSsI=,RWscmycbMv96XUnMKb7uWQiUKeY=
-7,3,knAAxBDYLKOFnJzlal6xE01dSsI=,BeKlT8MMC8iu3raHjRJipZ8lono=
-6,3,knAAxBDYLKOFnJzlal6xE01dSsI=,lH1C0OOYCWWK9hjeAUU8MefcfMg=
-6,4,knAAxBDYLKOFnJzlal6xE01dSsI=,FTz75Bsxg8lmm17kXz2tOMxJglc=
-7,4,knAAxBDYLKOFnJzlal6xE01dSsI=,YdeHmru+/FNFIO3foQGUnt/y3TE=
-4,3,knAAxBDYLKOFnJzlal6xE01dSsI=,mQlu+a/i/fJv8Gn4RuV1FpJ210Y=
-4,4,knAAxBDYLKOFnJzlal6xE01dSsI=,6I4maUcbKpkr/46a2S8iCQbqCBM=
-5,4,knAAxBDYLKOFnJzlal6xE01dSsI=,FTz75Bsxg8lmm17kXz2tOMxJglc=
-5,3,knAAxBDYLKOFnJzlal6xE01dSsI=,lH1C0OOYCWWK9hjeAUU8MefcfMg=
-10,3,8ARqxPer5pNdymPL4SYEyq2K1GA=,gtHd3SahwsvTWtIDNMtjbex2LoE=
-11,3,8ARqxPer5pNdymPL4SYEyq2K1GA=,uHBVYomzca88+xDF9fd79+J16vM=
-10,4,8ARqxPer5pNdymPL4SYEyq2K1GA=,RWscmycbMv96XUnMKb7uWQiUKeY=
-11,4,8ARqxPer5pNdymPL4SYEyq2K1GA=,lI/NZq2aKgwMZ4JwvR5VYzbLwaE=
-13,4,8ARqxPer5pNdymPL4SYEyq2K1GA=,eG7+7hV51qx3oF0T/LGuBlHsXSE=
-13,3,8ARqxPer5pNdymPL4SYEyq2K1GA=,nstWmTJ0x2CO2wmVhjZQFEI++AU=
-12,3,8ARqxPer5pNdymPL4SYEyq2K1GA=,uHBVYomzca88+xDF9fd79+J16vM=
-12,4,8ARqxPer5pNdymPL4SYEyq2K1GA=,lI/NZq2aKgwMZ4JwvR5VYzbLwaE=
-13,6,8ARqxPer5pNdymPL4SYEyq2K1GA=,knpeVsulJ2/GEXPttG6r9F7bt3Y=
-13,5,8ARqxPer5pNdymPL4SYEyq2K1GA=,eG7+7hV51qx3oF0T/LGuBlHsXSE=
-12,6,8ARqxPer5pNdymPL4SYEyq2K1GA=,hDyGLI1GJV5fePpyVUhMiZZ0i7c=
-12,5,8ARqxPer5pNdymPL4SYEyq2K1GA=,lI/NZq2aKgwMZ4JwvR5VYzbLwaE=
-13,2,8ARqxPer5pNdymPL4SYEyq2K1GA=,nstWmTJ0x2CO2wmVhjZQFEI++AU=
-13,1,8ARqxPer5pNdymPL4SYEyq2K1GA=,DCqZUsNpxijNNvoodWGDTxkHm1M=
-12,2,8ARqxPer5pNdymPL4SYEyq2K1GA=,uHBVYomzca88+xDF9fd79+J16vM=
-12,1,8ARqxPer5pNdymPL4SYEyq2K1GA=,3BAQigQDcYkgtvn7Q+z5LudadEE=
-10,2,DtmQlXFbMUIY+w1wHIu52KSx/gU=,gtHd3SahwsvTWtIDNMtjbex2LoE=
-11,0,DtmQlXFbMUIY+w1wHIu52KSx/gU=,3BAQigQDcYkgtvn7Q+z5LudadEE=
-11,2,DtmQlXFbMUIY+w1wHIu52KSx/gU=,uHBVYomzca88+xDF9fd79+J16vM=
-11,1,DtmQlXFbMUIY+w1wHIu52KSx/gU=,3BAQigQDcYkgtvn7Q+z5LudadEE=
-10,0,DtmQlXFbMUIY+w1wHIu52KSx/gU=,9xmpT44HbZw7nXv+/bIbLXgPj6w=
-10,1,DtmQlXFbMUIY+w1wHIu52KSx/gU=,9xmpT44HbZw7nXv+/bIbLXgPj6w=
-2,0,DtmQlXFbMUIY+w1wHIu52KSx/gU=,sAzSKCxg4zvPi3564kaZvPiPhH4=
-3,0,DtmQlXFbMUIY+w1wHIu52KSx/gU=,Z+lUh6ODpxiA6Nm4Vg/JDtOEHoQ=
-1,1,DtmQlXFbMUIY+w1wHIu52KSx/gU=,sAzSKCxg4zvPi3564kaZvPiPhH4=
-1,2,DtmQlXFbMUIY+w1wHIu52KSx/gU=,jBSlgX/7kKy7DWHju9r7LrdaDKg=
-1,3,DtmQlXFbMUIY+w1wHIu52KSx/gU=,jBSlgX/7kKy7DWHju9r7LrdaDKg=
-1,4,DtmQlXFbMUIY+w1wHIu52KSx/gU=,4f/+1/f+MlhiPG8IeBypUxv2iiI=
-8,0,DtmQlXFbMUIY+w1wHIu52KSx/gU=,rzCZUvjJ0CoyrPal5Ok8y4pn2hg=
-9,1,DtmQlXFbMUIY+w1wHIu52KSx/gU=,9xmpT44HbZw7nXv+/bIbLXgPj6w=
-9,0,DtmQlXFbMUIY+w1wHIu52KSx/gU=,9xmpT44HbZw7nXv+/bIbLXgPj6w=
-9,2,DtmQlXFbMUIY+w1wHIu52KSx/gU=,gtHd3SahwsvTWtIDNMtjbex2LoE=
-8,1,DtmQlXFbMUIY+w1wHIu52KSx/gU=,rzCZUvjJ0CoyrPal5Ok8y4pn2hg=
-4,7,DtmQlXFbMUIY+w1wHIu52KSx/gU=,h1QzoOV9or32b9erZnJsHMYjFpU=
-8,2,DtmQlXFbMUIY+w1wHIu52KSx/gU=,BeKlT8MMC8iu3raHjRJipZ8lono=
-5,7,DtmQlXFbMUIY+w1wHIu52KSx/gU=,5fHhdiVD25ACt4EetBqg0hNFRC8=
-7,7,DtmQlXFbMUIY+w1wHIu52KSx/gU=,zhKlBtF6zuyqtIUN+NVlvndLvzE=
-14,3,DtmQlXFbMUIY+w1wHIu52KSx/gU=,nstWmTJ0x2CO2wmVhjZQFEI++AU=
-14,4,DtmQlXFbMUIY+w1wHIu52KSx/gU=,eG7+7hV51qx3oF0T/LGuBlHsXSE=
-6,7,DtmQlXFbMUIY+w1wHIu52KSx/gU=,5fHhdiVD25ACt4EetBqg0hNFRC8=
-14,6,DtmQlXFbMUIY+w1wHIu52KSx/gU=,knpeVsulJ2/GEXPttG6r9F7bt3Y=
-14,5,DtmQlXFbMUIY+w1wHIu52KSx/gU=,eG7+7hV51qx3oF0T/LGuBlHsXSE=
-14,7,DtmQlXFbMUIY+w1wHIu52KSx/gU=,knpeVsulJ2/GEXPttG6r9F7bt3Y=
-12,7,DtmQlXFbMUIY+w1wHIu52KSx/gU=,hDyGLI1GJV5fePpyVUhMiZZ0i7c=
-13,7,DtmQlXFbMUIY+w1wHIu52KSx/gU=,knpeVsulJ2/GEXPttG6r9F7bt3Y=
-13,0,DtmQlXFbMUIY+w1wHIu52KSx/gU=,DCqZUsNpxijNNvoodWGDTxkHm1M=
-12,0,DtmQlXFbMUIY+w1wHIu52KSx/gU=,3BAQigQDcYkgtvn7Q+z5LudadEE=
-14,2,DtmQlXFbMUIY+w1wHIu52KSx/gU=,nstWmTJ0x2CO2wmVhjZQFEI++AU=
-14,1,DtmQlXFbMUIY+w1wHIu52KSx/gU=,DCqZUsNpxijNNvoodWGDTxkHm1M=
-1,0,DtmQlXFbMUIY+w1wHIu52KSx/gU=,sAzSKCxg4zvPi3564kaZvPiPhH4=
-14,0,DtmQlXFbMUIY+w1wHIu52KSx/gU=,DCqZUsNpxijNNvoodWGDTxkHm1M=
-6,2,DtmQlXFbMUIY+w1wHIu52KSx/gU=,lH1C0OOYCWWK9hjeAUU8MefcfMg=
-6,1,DtmQlXFbMUIY+w1wHIu52KSx/gU=,aPz+JwkZ40wybLaWDkriIJvprrc=
-7,1,DtmQlXFbMUIY+w1wHIu52KSx/gU=,rzCZUvjJ0CoyrPal5Ok8y4pn2hg=
-7,0,DtmQlXFbMUIY+w1wHIu52KSx/gU=,rzCZUvjJ0CoyrPal5Ok8y4pn2hg=
-5,1,DtmQlXFbMUIY+w1wHIu52KSx/gU=,aPz+JwkZ40wybLaWDkriIJvprrc=
-4,1,DtmQlXFbMUIY+w1wHIu52KSx/gU=,Z+lUh6ODpxiA6Nm4Vg/JDtOEHoQ=
-4,0,DtmQlXFbMUIY+w1wHIu52KSx/gU=,Z+lUh6ODpxiA6Nm4Vg/JDtOEHoQ=
-5,0,DtmQlXFbMUIY+w1wHIu52KSx/gU=,aPz+JwkZ40wybLaWDkriIJvprrc=
-6,0,DtmQlXFbMUIY+w1wHIu52KSx/gU=,aPz+JwkZ40wybLaWDkriIJvprrc=
-5,2,DtmQlXFbMUIY+w1wHIu52KSx/gU=,lH1C0OOYCWWK9hjeAUU8MefcfMg=
-7,2,DtmQlXFbMUIY+w1wHIu52KSx/gU=,BeKlT8MMC8iu3raHjRJipZ8lono=
-4,2,DtmQlXFbMUIY+w1wHIu52KSx/gU=,mQlu+a/i/fJv8Gn4RuV1FpJ210Y=
-2,6,DtmQlXFbMUIY+w1wHIu52KSx/gU=,ZhbfqWosE6srRcyEYxEucDCeftk=
-1,7,DtmQlXFbMUIY+w1wHIu52KSx/gU=,ZhbfqWosE6srRcyEYxEucDCeftk=
-2,7,DtmQlXFbMUIY+w1wHIu52KSx/gU=,ZhbfqWosE6srRcyEYxEucDCeftk=
-1,6,DtmQlXFbMUIY+w1wHIu52KSx/gU=,ZhbfqWosE6srRcyEYxEucDCeftk=
-3,7,DtmQlXFbMUIY+w1wHIu52KSx/gU=,h1QzoOV9or32b9erZnJsHMYjFpU=
-3,6,DtmQlXFbMUIY+w1wHIu52KSx/gU=,h1QzoOV9or32b9erZnJsHMYjFpU=
-2,5,DtmQlXFbMUIY+w1wHIu52KSx/gU=,4f/+1/f+MlhiPG8IeBypUxv2iiI=
-1,5,DtmQlXFbMUIY+w1wHIu52KSx/gU=,4f/+1/f+MlhiPG8IeBypUxv2iiI=
-8,7,DtmQlXFbMUIY+w1wHIu52KSx/gU=,zhKlBtF6zuyqtIUN+NVlvndLvzE=
-11,7,DtmQlXFbMUIY+w1wHIu52KSx/gU=,hDyGLI1GJV5fePpyVUhMiZZ0i7c=
-8,6,DtmQlXFbMUIY+w1wHIu52KSx/gU=,zhKlBtF6zuyqtIUN+NVlvndLvzE=
-9,7,DtmQlXFbMUIY+w1wHIu52KSx/gU=,UR4RSfpJXBXcwpOH5OMOYObbexk=
-9,6,DtmQlXFbMUIY+w1wHIu52KSx/gU=,UR4RSfpJXBXcwpOH5OMOYObbexk=
-10,7,DtmQlXFbMUIY+w1wHIu52KSx/gU=,UR4RSfpJXBXcwpOH5OMOYObbexk=
-10,6,DtmQlXFbMUIY+w1wHIu52KSx/gU=,UR4RSfpJXBXcwpOH5OMOYObbexk=
-11,6,DtmQlXFbMUIY+w1wHIu52KSx/gU=,hDyGLI1GJV5fePpyVUhMiZZ0i7c=
-3,5,DtmQlXFbMUIY+w1wHIu52KSx/gU=,6I4maUcbKpkr/46a2S8iCQbqCBM=
-10,5,DtmQlXFbMUIY+w1wHIu52KSx/gU=,RWscmycbMv96XUnMKb7uWQiUKeY=
-8,5,DtmQlXFbMUIY+w1wHIu52KSx/gU=,YdeHmru+/FNFIO3foQGUnt/y3TE=
-11,5,DtmQlXFbMUIY+w1wHIu52KSx/gU=,lI/NZq2aKgwMZ4JwvR5VYzbLwaE=
-9,5,DtmQlXFbMUIY+w1wHIu52KSx/gU=,RWscmycbMv96XUnMKb7uWQiUKeY=
