-3,-4,ZpXzDSjZjycglHkLlxb67bG/8JI=,mLlR0DtKD0RrtdoYR6mO2l2xxSo=
-2,-4,ZpXzDSjZjycglHkLlxb67bG/8JI=,cXX/FjjWBhQAKR0jn2NPF3wDVVg=
-3,-5,ZpXzDSjZjycglHkLlxb67bG/8JI=,KFppJDKbwnTQMfbazQGvoit2VT0=
-2,-5,ZpXzDSjZjycglHkLlxb67bG/8JI=,btRkswoTy7Oz/PNqYDpQ1wVnIsc=
-4,-4,M/Z3jMuyUY1tbTpSbCNa4Po0lqA=,mLlR0DtKD0RrtdoYR6mO2l2xxSo=
-4,-5,M/Z3jMuyUY1tbTpSbCNa4Po0lqA=,KFppJDKbwnTQMfbazQGvoit2VT0=
-5,-5,M/Z3jMuyUY1tbTpSbCNa4Po0lqA=,rT+/CRW4xkd9tMOOx2L+TacR+M4=
-5,-4,M/Z3jMuyUY1tbTpSbCNa4Po0lqA=,FtaHTHcqa8WJArcETelH0OQ+bms=
-6,-5,M/Z3jMuyUY1tbTpSbCNa4Po0lqA=,rT+/CRW4xkd9tMOOx2L+TacR+M4=
-6,-4,M/Z3jMuyUY1tbTpSbCNa4Po0lqA=,FtaHTHcqa8WJArcETelH0OQ+bms=
-7,-5,M/Z3jMuyUY1tbTpSbCNa4Po0lqA=,UjuFPh5729lR8wPgPvEU5olxMkc=
-7,-4,M/Z3jMuyUY1tbTpSbCNa4Po0lqA=,fWWYQr/kXFg92c1zEg5or3L47uc=
-9,-7,4OuvkA3KIU4DKn/vhLuoYIsq44s=,eNmFRGyJ+TYanWPTlrrPv3WV3PE=
-8,-7,4OuvkA3KIU4DKn/vhLuoYIsq44s=,//zTI3E+PCNbuAu78dWX/kNRZ4s=
-9,-6,4OuvkA3KIU4DKn/vhLuoYIsq44s=,aQaKbFEUxAYRFI5Lkha9ir1nf+E=
-8,-6,4OuvkA3KIU4DKn/vhLuoYIsq44s=,UjuFPh5729lR8wPgPvEU5olxMkc=
-9,-4,4OuvkA3KIU4DKn/vhLuoYIsq44s=,C08As8T4TG2m7Iq17lIRu6wIeME=
-8,-5,4OuvkA3KIU4DKn/vhLuoYIsq44s=,UjuFPh5729lR8wPgPvEU5olxMkc=
-9,-5,4OuvkA3KIU4DKn/vhLuoYIsq44s=,aQaKbFEUxAYRFI5Lkha9ir1nf+E=
-8,-4,4OuvkA3KIU4DKn/vhLuoYIsq44s=,fWWYQr/kXFg92c1zEg5or3L47uc=
-10,-4,4OuvkA3KIU4DKn/vhLuoYIsq44s=,C08As8T4TG2m7Iq17lIRu6wIeME=
-11,-4,4OuvkA3KIU4DKn/vhLuoYIsq44s=,SIPQTOwpffgP9fTR6Waii/EHltc=
-13,-5,4OuvkA3KIU4DKn/vhLuoYIsq44s=,qn6NVgD09/npc87CSOjZ15ZuyPE=
-13,-4,4OuvkA3KIU4DKn/vhLuoYIsq44s=,R7UUxZoukY3IdinQYiT5ElDgMvk=
-10,-5,4OuvkA3KIU4DKn/vhLuoYIsq44s=,aQaKbFEUxAYRFI5Lkha9ir1nf+E=
-11,-5,4OuvkA3KIU4DKn/vhLuoYIsq44s=,TkMEYOpOUpuKWyqCmXWoqnJTRro=
-12,-4,4OuvkA3KIU4DKn/vhLuoYIsq44s=,SIPQTOwpffgP9fTR6Waii/EHltc=
-12,-5,4OuvkA3KIU4DKn/vhLuoYIsq44s=,TkMEYOpOUpuKWyqCmXWoqnJTRro=
-10,-7,De/jMJK579dn0P31MZVAaVaUueY=,eNmFRGyJ+TYanWPTlrrPv3WV3PE=
-11,-7,De/jMJK579dn0P31MZVAaVaUueY=,b5ooDoG13Jync1zMOAoKJS6ex/o=
-11,-6,De/jMJK579dn0P31MZVAaVaUueY=,TkMEYOpOUpuKWyqCmXWoqnJTRro=
-10,-6,De/jMJK579dn0P31MZVAaVaUueY=,aQaKbFEUxAYRFI5Lkha9ir1nf+E=
-12,-7,De/jMJK579dn0P31MZVAaVaUueY=,b5ooDoG13Jync1zMOAoKJS6ex/o=
-13,-6,De/jMJK579dn0P31MZVAaVaUueY=,qn6NVgD09/npc87CSOjZ15ZuyPE=
-13,-7,De/jMJK579dn0P31MZVAaVaUueY=,VKBUZUDK3KE+hJOsEEw/4PwF0yM=
-12,-6,De/jMJK579dn0P31MZVAaVaUueY=,TkMEYOpOUpuKWyqCmXWoqnJTRro=
-13,-2,De/jMJK579dn0P31MZVAaVaUueY=,89QQcgnA6BHaDShc2Mc2E7CxRiU=
-13,-3,De/jMJK579dn0P31MZVAaVaUueY=,R7UUxZoukY3IdinQYiT5ElDgMvk=
-12,-3,De/jMJK579dn0P31MZVAaVaUueY=,SIPQTOwpffgP9fTR6Waii/EHltc=
-12,-2,De/jMJK579dn0P31MZVAaVaUueY=,6lTiMI057YZ4lWeqmYMhLPruO+w=
-11,-2,327QicyV99PX9l3vFDJZXUprvDo=,6lTiMI057YZ4lWeqmYMhLPruO+w=
-10,-3,327QicyV99PX9l3vFDJZXUprvDo=,C08As8T4TG2m7Iq17lIRu6wIeME=
-10,-2,327QicyV99PX9l3vFDJZXUprvDo=,bCKaERGue2YGJ78d+D85X/Qb6Vg=
-11,-3,327QicyV99PX9l3vFDJZXUprvDo=,SIPQTOwpffgP9fTR6Waii/EHltc=
-9,-2,327QicyV99PX9l3vFDJZXUprvDo=,bCKaERGue2YGJ78d+D85X/Qb6Vg=
-9,-3,327QicyV99PX9l3vFDJZXUprvDo=,C08As8T4TG2m7Iq17lIRu6wIeME=
-8,-2,327QicyV99PX9l3vFDJZXUprvDo=,2x50zwrDN9tUFvs191M0p//of3k=
-8,-3,327QicyV99PX9l3vFDJZXUprvDo=,fWWYQr/kXFg92c1zEg5or3L47uc=
-7,-2,327QicyV99PX9l3vFDJZXUprvDo=,2x50zwrDN9tUFvs191M0p//of3k=
-6,-2,327QicyV99PX9l3vFDJZXUprvDo=,XIUqoxbJTXtIfmTkI+sacWD0OWY=
-7,-3,327QicyV99PX9l3vFDJZXUprvDo=,fWWYQr/kXFg92c1zEg5or3L47uc=
-6,-3,327QicyV99PX9l3vFDJZXUprvDo=,FtaHTHcqa8WJArcETelH0OQ+bms=
-7,-1,327QicyV99PX9l3vFDJZXUprvDo=,2x50zwrDN9tUFvs191M0p//of3k=
-6,-1,327QicyV99PX9l3vFDJZXUprvDo=,XIUqoxbJTXtIfmTkI+sacWD0OWY=
-1,-5,327QicyV99PX9l3vFDJZXUprvDo=,btRkswoTy7Oz/PNqYDpQ1wVnIsc=
-1,-4,327QicyV99PX9l3vFDJZXUprvDo=,cXX/FjjWBhQAKR0jn2NPF3wDVVg=
-4,-2,327QicyV99PX9l3vFDJZXUprvDo=,lH/J9HU8UrMGXC6rA6zVl5sr0Qo=
-4,-3,327QicyV99PX9l3vFDJZXUprvDo=,mLlR0DtKD0RrtdoYR6mO2l2xxSo=
-5,-2,327QicyV99PX9l3vFDJZXUprvDo=,XIUqoxbJTXtIfmTkI+sacWD0OWY=
-5,-3,327QicyV99PX9l3vFDJZXUprvDo=,FtaHTHcqa8WJArcETelH0OQ+bms=
-4,-1,327QicyV99PX9l3vFDJZXUprvDo=,lH/J9HU8UrMGXC6rA6zVl5sr0Qo=
-5,-1,327QicyV99PX9l3vFDJZXUprvDo=,XIUqoxbJTXtIfmTkI+sacWD0OWY=
-9,-8,327QicyV99PX9l3vFDJZXUprvDo=,eNmFRGyJ+TYanWPTlrrPv3WV3PE=
-8,-8,327QicyV99PX9l3vFDJZXUprvDo=,//zTI3E+PCNbuAu78dWX/kNRZ4s=
-14,-2,327QicyV99PX9l3vFDJZXUprvDo=,89QQcgnA6BHaDShc2Mc2E7CxRiU=
-14,-3,327QicyV99PX9l3vFDJZXUprvDo=,R7UUxZoukY3IdinQYiT5ElDgMvk=
-3,-7,327QicyV99PX9l3vFDJZXUprvDo=,a0o1YRVjgrqFoiNhRwtbgEoEh78=
-3,-8,327QicyV99PX9l3vFDJZXUprvDo=,a0o1YRVjgrqFoiNhRwtbgEoEh78=
-2,-7,327QicyV99PX9l3vFDJZXUprvDo=,1WfgRkwtrB+D7w6KUTWDvRKac3Q=
-2,-8,327QicyV99PX9l3vFDJZXUprvDo=,1WfgRkwtrB+D7w6KUTWDvRKac3Q=
-3,-6,327QicyV99PX9l3vFDJZXUprvDo=,KFppJDKbwnTQMfbazQGvoit2VT0=
-2,-6,327QicyV99PX9l3vFDJZXUprvDo=,btRkswoTy7Oz/PNqYDpQ1wVnIsc=
-13,-1,327QicyV99PX9l3vFDJZXUprvDo=,89QQcgnA6BHaDShc2Mc2E7CxRiU=
-12,-1,327QicyV99PX9l3vFDJZXUprvDo=,6lTiMI057YZ4lWeqmYMhLPruO+w=
-4,-7,327QicyV99PX9l3vFDJZXUprvDo=,a0o1YRVjgrqFoiNhRwtbgEoEh78=
-7,-8,327QicyV99PX9l3vFDJZXUprvDo=,//zTI3E+PCNbuAu78dWX/kNRZ4s=
-7,-7,327QicyV99PX9l3vFDJZXUprvDo=,//zTI3E+PCNbuAu78dWX/kNRZ4s=
-4,-8,327QicyV99PX9l3vFDJZXUprvDo=,a0o1YRVjgrqFoiNhRwtbgEoEh78=
-5,-7,327QicyV99PX9l3vFDJZXUprvDo=,hyUHMXMdCyfdlpSe7xi+92ZGB2E=
-6,-7,327QicyV99PX9l3vFDJZXUprvDo=,hyUHMXMdCyfdlpSe7xi+92ZGB2E=
-5,-8,327QicyV99PX9l3vFDJZXUprvDo=,hyUHMXMdCyfdlpSe7xi+92ZGB2E=
-6,-8,327QicyV99PX9l3vFDJZXUprvDo=,hyUHMXMdCyfdlpSe7xi+92ZGB2E=
-5,-6,327QicyV99PX9l3vFDJZXUprvDo=,rT+/CRW4xkd9tMOOx2L+TacR+M4=
-4,-6,327QicyV99PX9l3vFDJZXUprvDo=,KFppJDKbwnTQMfbazQGvoit2VT0=
-8,-1,327QicyV99PX9l3vFDJZXUprvDo=,2x50zwrDN9tUFvs191M0p//of3k=
-7,-6,327QicyV99PX9l3vFDJZXUprvDo=,UjuFPh5729lR8wPgPvEU5olxMkc=
-9,-1,327QicyV99PX9l3vFDJZXUprvDo=,bCKaERGue2YGJ78d+D85X/Qb6Vg=
-10,-1,327QicyV99PX9l3vFDJZXUprvDo=,bCKaERGue2YGJ78d+D85X/Qb6Vg=
-6,-6,327QicyV99PX9l3vFDJZXUprvDo=,rT+/CRW4xkd9tMOOx2L+TacR+M4=
-11,-1,327QicyV99PX9l3vFDJZXUprvDo=,6lTiMI057YZ4lWeqmYMhLPruO+w=
-10,-8,327QicyV99PX9l3vFDJZXUprvDo=,eNmFRGyJ+TYanWPTlrrPv3WV3PE=
-13,-8,327QicyV99PX9l3vFDJZXUprvDo=,VKBUZUDK3KE+hJOsEEw/4PwF0yM=
-11,-8,327QicyV99PX9l3vFDJZXUprvDo=,b5ooDoG13Jync1zMOAoKJS6ex/o=
-12,-8,327QicyV99PX9l3vFDJZXUprvDo=,b5ooDoG13Jync1zMOAoKJS6ex/o=
-1,-7,327QicyV99PX9l3vFDJZXUprvDo=,1WfgRkwtrB+D7w6KUTWDvRKac3Q=
-1,-8,327QicyV99PX9l3vFDJZXUprvDo=,1WfgRkwtrB+D7w6KUTWDvRKac3Q=
-3,-1,327QicyV99PX9l3vFDJZXUprvDo=,lH/J9HU8UrMGXC6rA6zVl5sr0Qo=
-2,-3,327QicyV99PX9l3vFDJZXUprvDo=,cXX/FjjWBhQAKR0jn2NPF3wDVVg=
-3,-3,327QicyV99PX9l3vFDJZXUprvDo=,mLlR0DtKD0RrtdoYR6mO2l2xxSo=
-3,-2,327QicyV99PX9l3vFDJZXUprvDo=,lH/J9HU8UrMGXC6rA6zVl5sr0Qo=
-1,-6,327QicyV99PX9l3vFDJZXUprvDo=,btRkswoTy7Oz/PNqYDpQ1wVnIsc=
-1,-3,327QicyV99PX9l3vFDJZXUprvDo=,cXX/FjjWBhQAKR0jn2NPF3wDVVg=
-14,-5,327QicyV99PX9l3vFDJZXUprvDo=,qn6NVgD09/npc87CSOjZ15ZuyPE=
-14,-7,327QicyV99PX9l3vFDJZXUprvDo=,VKBUZUDK3KE+hJOsEEw/4PwF0yM=
-14,-1,327QicyV99PX9l3vFDJZXUprvDo=,89QQcgnA6BHaDShc2Mc2E7CxRiU=
-14,-4,327QicyV99PX9l3vFDJZXUprvDo=,R7UUxZoukY3IdinQYiT5ElDgMvk=
-14,-6,327QicyV99PX9l3vFDJZXUprvDo=,qn6NVgD09/npc87CSOjZ15ZuyPE=
-2,-1,327QicyV99PX9l3vFDJZXUprvDo=,aR61axGAYQGeuXlBlnAxOzMNqC0=
-2,-2,327QicyV99PX9l3vFDJZXUprvDo=,aR61axGAYQGeuXlBlnAxOzMNqC0=
-1,-2,327QicyV99PX9l3vFDJZXUprvDo=,aR61axGAYQGeuXlBlnAxOzMNqC0=
-14,-8,327QicyV99PX9l3vFDJZXUprvDo=,VKBUZUDK3KE+hJOsEEw/4PwF0yM=
-1,-1,327QicyV99PX9l3vFDJZXUprvDo=,aR61axGAYQGeuXlBlnAxOzMNqC0=
