12,-3,Lw4vHb6YLKVnrmyB0kFWV7I6QjQ=,NgVkkFuuOHLJIitLsfN349kbdWY=
12,-2,Lw4vHb6YLKVnrmyB0kFWV7I6QjQ=,Hf0qqhm4rC8/99D2mG2ST4pCiu4=
11,-3,Lw4vHb6YLKVnrmyB0kFWV7I6QjQ=,J+Ozaw07fwIKE4n0n4K5gGtkdmc=
11,-2,Lw4vHb6YLKVnrmyB0kFWV7I6QjQ=,xkl4pzBSfnWMiQ+fhFPQORKCWYw=
12,-4,Lw4vHb6YLKVnrmyB0kFWV7I6QjQ=,NgVkkFuuOHLJIitLsfN349kbdWY=
12,-5,Lw4vHb6YLKVnrmyB0kFWV7I6QjQ=,Keut64ZG/UZuZvOAT2HqHo3Rw64=
11,-4,Lw4vHb6YLKVnrmyB0kFWV7I6QjQ=,J+Ozaw07fwIKE4n0n4K5gGtkdmc=
11,-5,Lw4vHb6YLKVnrmyB0kFWV7I6QjQ=,B50M4pAAOmyKjGC+mn92fXT1zjs=
12,-6,Lw4vHb6YLKVnrmyB0kFWV7I6QjQ=,Keut64ZG/UZuZvOAT2HqHo3Rw64=
11,-7,Lw4vHb6YLKVnrmyB0kFWV7I6QjQ=,UTCKMdjx81EVTctiL8ogcJ/7HfA=
12,-7,Lw4vHb6YLKVnrmyB0kFWV7I6QjQ=,UGizFp3ojcjE5LcnjjNZ49TDyMk=
11,-6,Lw4vHb6YLKVnrmyB0kFWV7I6QjQ=,B50M4pAAOmyKjGC+mn92fXT1zjs=
10,-7,ZxQzt3U7gTeHtY9gdPA8lZYZoQ8=,UTCKMdjx81EVTctiL8ogcJ/7HfA=
9,-7,ZxQzt3U7gTeHtY9gdPA8lZYZoQ8=,r+8uIxlkpUDJFokffcoTjYrps0Q=
10,-6,ZxQzt3U7gTeHtY9gdPA8lZYZoQ8=,B50M4pAAOmyKjGC+mn92fXT1zjs=
9,-6,ZxQzt3U7gTeHtY9gdPA8lZYZoQ8=,ryoySgwazACiCrYoYQA3EExpo64=
8,-7,ZxQzt3U7gTeHtY9gdPA8lZYZoQ8=,r+8uIxlkpUDJFokffcoTjYrps0Q=
7,-7,ZxQzt3U7gTeHtY9gdPA8lZYZoQ8=,k6XS/KViBepHr2EH0UimodOpztI=
8,-6,ZxQzt3U7gTeHtY9gdPA8lZYZoQ8=,ryoySgwazACiCrYoYQA3EExpo64=
7,-6,ZxQzt3U7gTeHtY9gdPA8lZYZoQ8=,V9vXRI8BS5ucuCafeRS2fpPL+1s=
6,-7,Xfwvpj2g2cwuzlocZmSWjF1JpnE=,k6XS/KViBepHr2EH0UimodOpztI=
5,-7,Xfwvpj2g2cwuzlocZmSWjF1JpnE=,Mzm8GFMymLi06t5bY1Karg9nju4=
5,-6,Xfwvpj2g2cwuzlocZmSWjF1JpnE=,leljmQrgB0LSdtF9V4d2ybNs4Lk=
6,-6,Xfwvpj2g2cwuzlocZmSWjF1JpnE=,V9vXRI8BS5ucuCafeRS2fpPL+1s=
5,-5,Xfwvpj2g2cwuzlocZmSWjF1JpnE=,leljmQrgB0LSdtF9V4d2ybNs4Lk=
6,-5,Xfwvpj2g2cwuzlocZmSWjF1JpnE=,V9vXRI8BS5ucuCafeRS2fpPL+1s=
5,-4,Xfwvpj2g2cwuzlocZmSWjF1JpnE=,nJ8RSNscEdZvDlX3WfQbmq+z64w=
6,-4,Xfwvpj2g2cwuzlocZmSWjF1JpnE=,FFPPDlO/Qjs3qtr/kMlH8ciVd+8=
4,-4,oKfBQNYD+GbuXXjP+k3APoO5qhw=,nJ8RSNscEdZvDlX3WfQbmq+z64w=
4,-5,oKfBQNYD+GbuXXjP+k3APoO5qhw=,leljmQrgB0LSdtF9V4d2ybNs4Lk=
3,-4,oKfBQNYD+GbuXXjP+k3APoO5qhw=,ofTbgHjoLWLCo8Zpy0kfrznkIvk=
3,-5,oKfBQNYD+GbuXXjP+k3APoO5qhw=,hCir9ws3lBqRQFiipJeBRErsTwo=
4,-2,oKfBQNYD+GbuXXjP+k3APoO5qhw=,rSynuJXnk9vJuZTDfVqvrithMlk=
3,-3,oKfBQNYD+GbuXXjP+k3APoO5qhw=,ofTbgHjoLWLCo8Zpy0kfrznkIvk=
4,-3,oKfBQNYD+GbuXXjP+k3APoO5qhw=,nJ8RSNscEdZvDlX3WfQbmq+z64w=
3,-2,oKfBQNYD+GbuXXjP+k3APoO5qhw=,jg/gkg0shEhgSTI4UfbbWFO/B5M=
2,-4,jgpq4PBWQQxDeAMhD99eCRi4sxk=,ofTbgHjoLWLCo8Zpy0kfrznkIvk=
1,-5,jgpq4PBWQQxDeAMhD99eCRi4sxk=,2ZTijMY8lW6tV/1SI6Z5MuWGISo=
2,-5,jgpq4PBWQQxDeAMhD99eCRi4sxk=,hCir9ws3lBqRQFiipJeBRErsTwo=
1,-4,jgpq4PBWQQxDeAMhD99eCRi4sxk=,+3c4lo3n3qJ/IHnZoin5nstnbTM=
2,-2,jgpq4PBWQQxDeAMhD99eCRi4sxk=,jg/gkg0shEhgSTI4UfbbWFO/B5M=
2,-3,jgpq4PBWQQxDeAMhD99eCRi4sxk=,ofTbgHjoLWLCo8Zpy0kfrznkIvk=
1,-2,jgpq4PBWQQxDeAMhD99eCRi4sxk=,BZKBARS677XTRrKAiZmArfMFIqQ=
1,-3,jgpq4PBWQQxDeAMhD99eCRi4sxk=,+3c4lo3n3qJ/IHnZoin5nstnbTM=
0,-7,jgpq4PBWQQxDeAMhD99eCRi4sxk=,+yv1QNnLYDaOWgyKGE3L7d3Oy9g=
0,-6,jgpq4PBWQQxDeAMhD99eCRi4sxk=,2ZTijMY8lW6tV/1SI6Z5MuWGISo=
0,-5,jgpq4PBWQQxDeAMhD99eCRi4sxk=,2ZTijMY8lW6tV/1SI6Z5MuWGISo=
0,-4,jgpq4PBWQQxDeAMhD99eCRi4sxk=,+3c4lo3n3qJ/IHnZoin5nstnbTM=
0,-2,jgpq4PBWQQxDeAMhD99eCRi4sxk=,BZKBARS677XTRrKAiZmArfMFIqQ=
0,-3,jgpq4PBWQQxDeAMhD99eCRi4sxk=,+3c4lo3n3qJ/IHnZoin5nstnbTM=
4,-1,jgpq4PBWQQxDeAMhD99eCRi4sxk=,rSynuJXnk9vJuZTDfVqvrithMlk=
1,-1,jgpq4PBWQQxDeAMhD99eCRi4sxk=,BZKBARS677XTRrKAiZmArfMFIqQ=
2,-1,jgpq4PBWQQxDeAMhD99eCRi4sxk=,jg/gkg0shEhgSTI4UfbbWFO/B5M=
3,-1,jgpq4PBWQQxDeAMhD99eCRi4sxk=,jg/gkg0shEhgSTI4UfbbWFO/B5M=
1,-8,mlpBnwPp/RUkMCG6ZdB1E76EwJw=,+yv1QNnLYDaOWgyKGE3L7d3Oy9g=
3,-7,mlpBnwPp/RUkMCG6ZdB1E76EwJw=,pw1MPLc1HFu4uO0wl8fhQMVTM3w=
3,-8,mlpBnwPp/RUkMCG6ZdB1E76EwJw=,pw1MPLc1HFu4uO0wl8fhQMVTM3w=
2,-8,mlpBnwPp/RUkMCG6ZdB1E76EwJw=,pw1MPLc1HFu4uO0wl8fhQMVTM3w=
4,-7,mlpBnwPp/RUkMCG6ZdB1E76EwJw=,Mzm8GFMymLi06t5bY1Karg9nju4=
2,-7,mlpBnwPp/RUkMCG6ZdB1E76EwJw=,pw1MPLc1HFu4uO0wl8fhQMVTM3w=
4,-8,mlpBnwPp/RUkMCG6ZdB1E76EwJw=,Mzm8GFMymLi06t5bY1Karg9nju4=
1,-7,mlpBnwPp/RUkMCG6ZdB1E76EwJw=,+yv1QNnLYDaOWgyKGE3L7d3Oy9g=
2,-6,mlpBnwPp/RUkMCG6ZdB1E76EwJw=,hCir9ws3lBqRQFiipJeBRErsTwo=
1,-6,mlpBnwPp/RUkMCG6ZdB1E76EwJw=,2ZTijMY8lW6tV/1SI6Z5MuWGISo=
3,-6,mlpBnwPp/RUkMCG6ZdB1E76EwJw=,hCir9ws3lBqRQFiipJeBRErsTwo=
4,-6,mlpBnwPp/RUkMCG6ZdB1E76EwJw=,leljmQrgB0LSdtF9V4d2ybNs4Lk=
12,-1,mlpBnwPp/RUkMCG6ZdB1E76EwJw=,Hf0qqhm4rC8/99D2mG2ST4pCiu4=
11,-1,mlpBnwPp/RUkMCG6ZdB1E76EwJw=,xkl4pzBSfnWMiQ+fhFPQORKCWYw=
13,-3,mlpBnwPp/RUkMCG6ZdB1E76EwJw=,NgVkkFuuOHLJIitLsfN349kbdWY=
13,-2,mlpBnwPp/RUkMCG6ZdB1E76EwJw=,Hf0qqhm4rC8/99D2mG2ST4pCiu4=
13,-5,mlpBnwPp/RUkMCG6ZdB1E76EwJw=,Keut64ZG/UZuZvOAT2HqHo3Rw64=
13,-4,mlpBnwPp/RUkMCG6ZdB1E76EwJw=,NgVkkFuuOHLJIitLsfN349kbdWY=
11,-8,mlpBnwPp/RUkMCG6ZdB1E76EwJw=,UTCKMdjx81EVTctiL8ogcJ/7HfA=
12,-8,mlpBnwPp/RUkMCG6ZdB1E76EwJw=,UGizFp3ojcjE5LcnjjNZ49TDyMk=
13,-6,mlpBnwPp/RUkMCG6ZdB1E76EwJw=,Keut64ZG/UZuZvOAT2HqHo3Rw64=
13,-8,mlpBnwPp/RUkMCG6ZdB1E76EwJw=,UGizFp3ojcjE5LcnjjNZ49TDyMk=
13,-7,mlpBnwPp/RUkMCG6ZdB1E76EwJw=,UGizFp3ojcjE5LcnjjNZ49TDyMk=
0,-1,mlpBnwPp/RUkMCG6ZdB1E76EwJw=,BZKBARS677XTRrKAiZmArfMFIqQ=
13,-1,mlpBnwPp/RUkMCG6ZdB1E76EwJw=,Hf0qqhm4rC8/99D2mG2ST4pCiu4=
6,-8,mlpBnwPp/RUkMCG6ZdB1E76EwJw=,k6XS/KViBepHr2EH0UimodOpztI=
5,-8,mlpBnwPp/RUkMCG6ZdB1E76EwJw=,Mzm8GFMymLi06t5bY1Karg9nju4=
8,-8,mlpBnwPp/RUkMCG6ZdB1E76EwJw=,r+8uIxlkpUDJFokffcoTjYrps0Q=
7,-8,mlpBnwPp/RUkMCG6ZdB1E76EwJw=,k6XS/KViBepHr2EH0UimodOpztI=
10,-8,mlpBnwPp/RUkMCG6ZdB1E76EwJw=,UTCKMdjx81EVTctiL8ogcJ/7HfA=
9,-8,mlpBnwPp/RUkMCG6ZdB1E76EwJw=,r+8uIxlkpUDJFokffcoTjYrps0Q=
0,-8,mlpBnwPp/RUkMCG6ZdB1E76EwJw=,+yv1QNnLYDaOWgyKGE3L7d3Oy9g=
5,-1,mlpBnwPp/RUkMCG6ZdB1E76EwJw=,rSynuJXnk9vJuZTDfVqvrithMlk=
6,-1,mlpBnwPp/RUkMCG6ZdB1E76EwJw=,Lljc7d4+7mdJoaQSdMOwC+ocZ0I=
5,-2,mlpBnwPp/RUkMCG6ZdB1E76EwJw=,rSynuJXnk9vJuZTDfVqvrithMlk=
5,-3,mlpBnwPp/RUkMCG6ZdB1E76EwJw=,nJ8RSNscEdZvDlX3WfQbmq+z64w=
6,-2,mlpBnwPp/RUkMCG6ZdB1E76EwJw=,Lljc7d4+7mdJoaQSdMOwC+ocZ0I=
6,-3,mlpBnwPp/RUkMCG6ZdB1E76EwJw=,FFPPDlO/Qjs3qtr/kMlH8ciVd+8=
10,-4,mlpBnwPp/RUkMCG6ZdB1E76EwJw=,J+Ozaw07fwIKE4n0n4K5gGtkdmc=
7,-4,mlpBnwPp/RUkMCG6ZdB1E76EwJw=,FFPPDlO/Qjs3qtr/kMlH8ciVd+8=
7,-5,mlpBnwPp/RUkMCG6ZdB1E76EwJw=,V9vXRI8BS5ucuCafeRS2fpPL+1s=
8,-4,mlpBnwPp/RUkMCG6ZdB1E76EwJw=,59jgJ0hoJffoRNMnzx02UxuDhD4=
8,-5,mlpBnwPp/RUkMCG6ZdB1E76EwJw=,ryoySgwazACiCrYoYQA3EExpo64=
9,-4,mlpBnwPp/RUkMCG6ZdB1E76EwJw=,59jgJ0hoJffoRNMnzx02UxuDhD4=
10,-5,mlpBnwPp/RUkMCG6ZdB1E76EwJw=,B50M4pAAOmyKjGC+mn92fXT1zjs=
9,-5,mlpBnwPp/RUkMCG6ZdB1E76EwJw=,ryoySgwazACiCrYoYQA3EExpo64=
10,-2,mlpBnwPp/RUkMCG6ZdB1E76EwJw=,xkl4pzBSfnWMiQ+fhFPQORKCWYw=
9,-1,mlpBnwPp/RUkMCG6ZdB1E76EwJw=,VzT5sznSFYX0xNjLULv0NcywABE=
9,-3,mlpBnwPp/RUkMCG6ZdB1E76EwJw=,59jgJ0hoJffoRNMnzx02UxuDhD4=
7,-1,mlpBnwPp/RUkMCG6ZdB1E76EwJw=,Lljc7d4+7mdJoaQSdMOwC+ocZ0I=
10,-1,mlpBnwPp/RUkMCG6ZdB1E76EwJw=,xkl4pzBSfnWMiQ+fhFPQORKCWYw=
7,-3,mlpBnwPp/RUkMCG6ZdB1E76EwJw=,FFPPDlO/Qjs3qtr/kMlH8ciVd+8=
8,-3,mlpBnwPp/RUkMCG6ZdB1E76EwJw=,59jgJ0hoJffoRNMnzx02UxuDhD4=
8,-1,mlpBnwPp/RUkMCG6ZdB1E76EwJw=,VzT5sznSFYX0xNjLULv0NcywABE=
10,-3,mlpBnwPp/RUkMCG6ZdB1E76EwJw=,J+Ozaw07fwIKE4n0n4K5gGtkdmc=
8,-2,mlpBnwPp/RUkMCG6ZdB1E76EwJw=,VzT5sznSFYX0xNjLULv0NcywABE=
9,-2,mlpBnwPp/RUkMCG6ZdB1E76EwJw=,VzT5sznSFYX0xNjLULv0NcywABE=
7,-2,mlpBnwPp/RUkMCG6ZdB1E76EwJw=,Lljc7d4+7mdJoaQSdMOwC+ocZ0I=
