2,2,9WbNZtON/kFI+dUxjMlwIEhIziA=,BAF+Z9I04mrJlRv/hsmwlFRbfY4=
1,2,9WbNZtON/kFI+dUxjMlwIEhIziA=,iqTHCpFYEyAObLyyqbRb9JULVc0=
1,1,9WbNZtON/kFI+dUxjMlwIEhIziA=,I7KiLZbRHZtqGz56/wKxzBIu9go=
2,1,9WbNZtON/kFI+dUxjMlwIEhIziA=,RtgsdyDLWPFssZnGiqsDeBn0FGI=
1,6,01VxpVoWhoSIAKl3MypNawuxugw=,XibHNs4UKt5HYprI/fL2g0QxbhM=
2,6,01VxpVoWhoSIAKl3MypNawuxugw=,YVXitDD4hdktdwuIC4pcol5ajR0=
1,3,01VxpVoWhoSIAKl3MypNawuxugw=,iqTHCpFYEyAObLyyqbRb9JULVc0=
2,3,01VxpVoWhoSIAKl3MypNawuxugw=,BAF+Z9I04mrJlRv/hsmwlFRbfY4=
1,4,01VxpVoWhoSIAKl3MypNawuxugw=,BhiZblq+n/52i5UjQuJTtYb4/mE=
1,5,01VxpVoWhoSIAKl3MypNawuxugw=,BhiZblq+n/52i5UjQuJTtYb4/mE=
2,5,01VxpVoWhoSIAKl3MypNawuxugw=,kpx5w+gl+iCvN2p9nUFvszVJB6U=
2,4,01VxpVoWhoSIAKl3MypNawuxugw=,kpx5w+gl+iCvN2p9nUFvszVJB6U=
4,6,01VxpVoWhoSIAKl3MypNawuxugw=,fKBH4dBx8moACs98gbO91lkPbBk=
3,6,01VxpVoWhoSIAKl3MypNawuxugw=,YVXitDD4hdktdwuIC4pcol5ajR0=
3,5,01VxpVoWhoSIAKl3MypNawuxugw=,kpx5w+gl+iCvN2p9nUFvszVJB6U=
4,5,01VxpVoWhoSIAKl3MypNawuxugw=,6R+ksw2PgU3so2OHPEF41SWI1h4=
3,3,ROJK7gycUH2xsH4WS8ciZNzhg+k=,BAF+Z9I04mrJlRv/hsmwlFRbfY4=
4,3,ROJK7gycUH2xsH4WS8ciZNzhg+k=,bvspCkJPKobQDQJXmtFyUkQNfhs=
4,4,ROJK7gycUH2xsH4WS8ciZNzhg+k=,6R+ksw2PgU3so2OHPEF41SWI1h4=
3,4,ROJK7gycUH2xsH4WS8ciZNzhg+k=,kpx5w+gl+iCvN2p9nUFvszVJB6U=
4,2,ROJK7gycUH2xsH4WS8ciZNzhg+k=,bvspCkJPKobQDQJXmtFyUkQNfhs=
4,1,ROJK7gycUH2xsH4WS8ciZNzhg+k=,7VIdXx7l97bi/d8R3PEo/MSCHyA=
3,2,ROJK7gycUH2xsH4WS8ciZNzhg+k=,BAF+Z9I04mrJlRv/hsmwlFRbfY4=
3,1,ROJK7gycUH2xsH4WS8ciZNzhg+k=,RtgsdyDLWPFssZnGiqsDeBn0FGI=
5,6,ROJK7gycUH2xsH4WS8ciZNzhg+k=,fKBH4dBx8moACs98gbO91lkPbBk=
6,6,ROJK7gycUH2xsH4WS8ciZNzhg+k=,LdToeVed1SCmngfq1HVHjbCOk0I=
6,3,ROJK7gycUH2xsH4WS8ciZNzhg+k=,XXqa7PzKM5B/zZ8U/Y2hgaMiz8k=
5,3,ROJK7gycUH2xsH4WS8ciZNzhg+k=,bvspCkJPKobQDQJXmtFyUkQNfhs=
5,4,ROJK7gycUH2xsH4WS8ciZNzhg+k=,6R+ksw2PgU3so2OHPEF41SWI1h4=
6,4,ROJK7gycUH2xsH4WS8ciZNzhg+k=,bwGar3HjkP+rKQNWrLPgTRtBnj8=
5,5,ROJK7gycUH2xsH4WS8ciZNzhg+k=,6R+ksw2PgU3so2OHPEF41SWI1h4=
6,5,ROJK7gycUH2xsH4WS8ciZNzhg+k=,bwGar3HjkP+rKQNWrLPgTRtBnj8=
6,1,5eYnVl6e8HczjunLkirLuhrScw4=,g4zGsphuYppu8VxuUldIfnT0gjM=
5,1,5eYnVl6e8HczjunLkirLuhrScw4=,7VIdXx7l97bi/d8R3PEo/MSCHyA=
6,2,5eYnVl6e8HczjunLkirLuhrScw4=,XXqa7PzKM5B/zZ8U/Y2hgaMiz8k=
5,2,5eYnVl6e8HczjunLkirLuhrScw4=,bvspCkJPKobQDQJXmtFyUkQNfhs=
7,6,eHKg3CXrBHGdn0V0s+PJv5oHaoI=,LdToeVed1SCmngfq1HVHjbCOk0I=
8,6,eHKg3CXrBHGdn0V0s+PJv5oHaoI=,xYlI+noh++8pSUQ+hVoPVr0fJxE=
8,5,eHKg3CXrBHGdn0V0s+PJv5oHaoI=,rvROCuZ/CzUHnUCeB9FQnwq6Qlc=
7,5,eHKg3CXrBHGdn0V0s+PJv5oHaoI=,bwGar3HjkP+rKQNWrLPgTRtBnj8=
7,3,eHKg3CXrBHGdn0V0s+PJv5oHaoI=,XXqa7PzKM5B/zZ8U/Y2hgaMiz8k=
8,3,eHKg3CXrBHGdn0V0s+PJv5oHaoI=,90+EDGax9IQ0TBcvNWX8Zd159os=
8,4,eHKg3CXrBHGdn0V0s+PJv5oHaoI=,rvROCuZ/CzUHnUCeB9FQnwq6Qlc=
7,4,eHKg3CXrBHGdn0V0s+PJv5oHaoI=,bwGar3HjkP+rKQNWrLPgTRtBnj8=
7,2,eHKg3CXrBHGdn0V0s+PJv5oHaoI=,XXqa7PzKM5B/zZ8U/Y2hgaMiz8k=
8,2,eHKg3CXrBHGdn0V0s+PJv5oHaoI=,90+EDGax9IQ0TBcvNWX8Zd159os=
7,1,eHKg3CXrBHGdn0V0s+PJv5oHaoI=,g4zGsphuYppu8VxuUldIfnT0gjM=
8,1,eHKg3CXrBHGdn0V0s+PJv5oHaoI=,jwzTj8O6ADQzRp3X8rMp0Ir6PKY=
9,6,HjWN7ZnZkhz2uz42PkoeiY2nVh0=,xYlI+noh++8pSUQ+hVoPVr0fJxE=
10,6,HjWN7ZnZkhz2uz42PkoeiY2nVh0=,TisV1RJdY2I3hoormw66/q4u6dI=
9,3,HjWN7ZnZkhz2uz42PkoeiY2nVh0=,90+EDGax9IQ0TBcvNWX8Zd159os=
10,3,HjWN7ZnZkhz2uz42PkoeiY2nVh0=,2cRl0dmFLcWCswT6+W4IVB0d4RY=
9,4,HjWN7ZnZkhz2uz42PkoeiY2nVh0=,rvROCuZ/CzUHnUCeB9FQnwq6Qlc=
9,5,HjWN7ZnZkhz2uz42PkoeiY2nVh0=,rvROCuZ/CzUHnUCeB9FQnwq6Qlc=
10,5,HjWN7ZnZkhz2uz42PkoeiY2nVh0=,16J0v1zf20IKw+65br4B/HiGAm0=
10,4,HjWN7ZnZkhz2uz42PkoeiY2nVh0=,16J0v1zf20IKw+65br4B/HiGAm0=
10,2,HjWN7ZnZkhz2uz42PkoeiY2nVh0=,2cRl0dmFLcWCswT6+W4IVB0d4RY=
10,1,HjWN7ZnZkhz2uz42PkoeiY2nVh0=,9ldHIbiSgTjs838eKVzxCiE9NaY=
9,2,HjWN7ZnZkhz2uz42PkoeiY2nVh0=,90+EDGax9IQ0TBcvNWX8Zd159os=
9,1,HjWN7ZnZkhz2uz42PkoeiY2nVh0=,jwzTj8O6ADQzRp3X8rMp0Ir6PKY=
13,3,HjWN7ZnZkhz2uz42PkoeiY2nVh0=,oNr1UBFCV25JBaYJIzjgrIp8ssI=
12,3,HjWN7ZnZkhz2uz42PkoeiY2nVh0=,oNr1UBFCV25JBaYJIzjgrIp8ssI=
12,4,HjWN7ZnZkhz2uz42PkoeiY2nVh0=,sKobZ1tJlrW4arzMIEzW1EDKImI=
13,4,HjWN7ZnZkhz2uz42PkoeiY2nVh0=,sKobZ1tJlrW4arzMIEzW1EDKImI=
13,2,HjWN7ZnZkhz2uz42PkoeiY2nVh0=,oNr1UBFCV25JBaYJIzjgrIp8ssI=
12,2,HjWN7ZnZkhz2uz42PkoeiY2nVh0=,oNr1UBFCV25JBaYJIzjgrIp8ssI=
13,1,HjWN7ZnZkhz2uz42PkoeiY2nVh0=,By3UH5iKAoGdvUa0S87LERkKzdk=
12,1,HjWN7ZnZkhz2uz42PkoeiY2nVh0=,By3UH5iKAoGdvUa0S87LERkKzdk=
12,0,HjWN7ZnZkhz2uz42PkoeiY2nVh0=,By3UH5iKAoGdvUa0S87LERkKzdk=
11,3,HjWN7ZnZkhz2uz42PkoeiY2nVh0=,2cRl0dmFLcWCswT6+W4IVB0d4RY=
11,0,HjWN7ZnZkhz2uz42PkoeiY2nVh0=,9ldHIbiSgTjs838eKVzxCiE9NaY=
11,4,HjWN7ZnZkhz2uz42PkoeiY2nVh0=,16J0v1zf20IKw+65br4B/HiGAm0=
10,0,HjWN7ZnZkhz2uz42PkoeiY2nVh0=,9ldHIbiSgTjs838eKVzxCiE9NaY=
11,6,HjWN7ZnZkhz2uz42PkoeiY2nVh0=,TisV1RJdY2I3hoormw66/q4u6dI=
13,6,HjWN7ZnZkhz2uz42PkoeiY2nVh0=,MOmFN1LOxtrMl7EruFIFqJRXoig=
11,2,HjWN7ZnZkhz2uz42PkoeiY2nVh0=,2cRl0dmFLcWCswT6+W4IVB0d4RY=
12,5,HjWN7ZnZkhz2uz42PkoeiY2nVh0=,sKobZ1tJlrW4arzMIEzW1EDKImI=
13,5,HjWN7ZnZkhz2uz42PkoeiY2nVh0=,sKobZ1tJlrW4arzMIEzW1EDKImI=
12,6,HjWN7ZnZkhz2uz42PkoeiY2nVh0=,MOmFN1LOxtrMl7EruFIFqJRXoig=
11,1,HjWN7ZnZkhz2uz42PkoeiY2nVh0=,9ldHIbiSgTjs838eKVzxCiE9NaY=
9,0,HjWN7ZnZkhz2uz42PkoeiY2nVh0=,jwzTj8O6ADQzRp3X8rMp0Ir6PKY=
11,5,HjWN7ZnZkhz2uz42PkoeiY2nVh0=,16J0v1zf20IKw+65br4B/HiGAm0=
7,0,HjWN7ZnZkhz2uz42PkoeiY2nVh0=,g4zGsphuYppu8VxuUldIfnT0gjM=
8,0,HjWN7ZnZkhz2uz42PkoeiY2nVh0=,jwzTj8O6ADQzRp3X8rMp0Ir6PKY=
5,0,HjWN7ZnZkhz2uz42PkoeiY2nVh0=,7VIdXx7l97bi/d8R3PEo/MSCHyA=
6,0,HjWN7ZnZkhz2uz42PkoeiY2nVh0=,g4zGsphuYppu8VxuUldIfnT0gjM=
4,0,HjWN7ZnZkhz2uz42PkoeiY2nVh0=,7VIdXx7l97bi/d8R3PEo/MSCHyA=
3,0,HjWN7ZnZkhz2uz42PkoeiY2nVh0=,RtgsdyDLWPFssZnGiqsDeBn0FGI=
2,0,HjWN7ZnZkhz2uz42PkoeiY2nVh0=,RtgsdyDLWPFssZnGiqsDeBn0FGI=
1,0,HjWN7ZnZkhz2uz42PkoeiY2nVh0=,I7KiLZbRHZtqGz56/wKxzBIu9go=
0,0,HjWN7ZnZkhz2uz42PkoeiY2nVh0=,I7KiLZbRHZtqGz56/wKxzBIu9go=
2,7,HjWN7ZnZkhz2uz42PkoeiY2nVh0=,YVXitDD4hdktdwuIC4pcol5ajR0=
1,7,HjWN7ZnZkhz2uz42PkoeiY2nVh0=,XibHNs4UKt5HYprI/fL2g0QxbhM=
0,2,HjWN7ZnZkhz2uz42PkoeiY2nVh0=,iqTHCpFYEyAObLyyqbRb9JULVc0=
0,3,HjWN7ZnZkhz2uz42PkoeiY2nVh0=,iqTHCpFYEyAObLyyqbRb9JULVc0=
0,4,HjWN7ZnZkhz2uz42PkoeiY2nVh0=,BhiZblq+n/52i5UjQuJTtYb4/mE=
0,1,HjWN7ZnZkhz2uz42PkoeiY2nVh0=,I7KiLZbRHZtqGz56/wKxzBIu9go=
0,7,HjWN7ZnZkhz2uz42PkoeiY2nVh0=,XibHNs4UKt5HYprI/fL2g0QxbhM=
0,6,HjWN7ZnZkhz2uz42PkoeiY2nVh0=,XibHNs4UKt5HYprI/fL2g0QxbhM=
4,7,HjWN7ZnZkhz2uz42PkoeiY2nVh0=,fKBH4dBx8moACs98gbO91lkPbBk=
3,7,HjWN7ZnZkhz2uz42PkoeiY2nVh0=,YVXitDD4hdktdwuIC4pcol5ajR0=
6,7,HjWN7ZnZkhz2uz42PkoeiY2nVh0=,LdToeVed1SCmngfq1HVHjbCOk0I=
5,7,HjWN7ZnZkhz2uz42PkoeiY2nVh0=,fKBH4dBx8moACs98gbO91lkPbBk=
8,7,HjWN7ZnZkhz2uz42PkoeiY2nVh0=,xYlI+noh++8pSUQ+hVoPVr0fJxE=
7,7,HjWN7ZnZkhz2uz42PkoeiY2nVh0=,LdToeVed1SCmngfq1HVHjbCOk0I=
12,7,HjWN7ZnZkhz2uz42PkoeiY2nVh0=,MOmFN1LOxtrMl7EruFIFqJRXoig=
9,7,HjWN7ZnZkhz2uz42PkoeiY2nVh0=,xYlI+noh++8pSUQ+hVoPVr0fJxE=
11,7,HjWN7ZnZkhz2uz42PkoeiY2nVh0=,TisV1RJdY2I3hoormw66/q4u6dI=
10,7,HjWN7ZnZkhz2uz42PkoeiY2nVh0=,TisV1RJdY2I3hoormw66/q4u6dI=
13,0,HjWN7ZnZkhz2uz42PkoeiY2nVh0=,By3UH5iKAoGdvUa0S87LERkKzdk=
0,5,HjWN7ZnZkhz2uz42PkoeiY2nVh0=,BhiZblq+n/52i5UjQuJTtYb4/mE=
13,7,HjWN7ZnZkhz2uz42PkoeiY2nVh0=,MOmFN1LOxtrMl7EruFIFqJRXoig=
