0,0,eyONjdprsYL458FgeY34VkoNxPc=,XfkDRzhgC+Bwhr8nnYpR83Qtj8I=
1,0,eyONjdprsYL458FgeY34VkoNxPc=,XfkDRzhgC+Bwhr8nnYpR83Qtj8I=
2,0,eyONjdprsYL458FgeY34VkoNxPc=,XfkDRzhgC+Bwhr8nnYpR83Qtj8I=
3,0,eyONjdprsYL458FgeY34VkoNxPc=,Eg7a86/+uDInTWiiTTOeO4KAbBg=
0,1,eyONjdprsYL458FgeY34VkoNxPc=,XfkDRzhgC+Bwhr8nnYpR83Qtj8I=
1,1,eyONjdprsYL458FgeY34VkoNxPc=,XfkDRzhgC+Bwhr8nnYpR83Qtj8I=
2,1,eyONjdprsYL458FgeY34VkoNxPc=,XfkDRzhgC+Bwhr8nnYpR83Qtj8I=
3,1,eyONjdprsYL458FgeY34VkoNxPc=,Eg7a86/+uDInTWiiTTOeO4KAbBg=
