0,-2,VCwu75oBsRY0x54iJkNF6QU+SkA=,q9u9YiHiJUwE5At87wS5ptwBajY=
1,-2,VCwu75oBsRY0x54iJkNF6QU+SkA=,q9u9YiHiJUwE5At87wS5ptwBajY=
2,-2,VCwu75oBsRY0x54iJkNF6QU+SkA=,q9u9YiHiJUwE5At87wS5ptwBajY=
3,-2,eyONjdprsYL458FgeY34VkoNxPc=,obn7X+MK6Hbkwh86v1y2O+Ozr2s=
0,-1,eyONjdprsYL458FgeY34VkoNxPc=,q9u9YiHiJUwE5At87wS5ptwBajY=
1,-1,eyONjdprsYL458FgeY34VkoNxPc=,q9u9YiHiJUwE5At87wS5ptwBajY=
2,-1,eyONjdprsYL458FgeY34VkoNxPc=,q9u9YiHiJUwE5At87wS5ptwBajY=
3,-1,eyONjdprsYL458FgeY34VkoNxPc=,O2E8snlHJYxGzObS4wRyqq5weAI=
